timestamp_iso,site_name,product_name,sku,product_url,status,price_value,currency,raw_price_text,source_url,notes
2026-09-28T12:11:40.156370+00:00,shamystores.com,Buy Final Fantasy Xvi Used in Egypt | Shamy Stores,,https://shamystores.com/products/outlet-final-fantasy-xvi-used,Available,1750.0,EGP,"Sale priceFrom 1,750 EGP",https://shamystores.com,heuristic
2026-09-28T12:12:26.823608+00:00,shamystores.com,Buy Ac Adapter Dobe for Switch in Egypt | Shamy Stores,,https://shamystores.com/products/ac-adapter-dobe-for-switch-tns-5159,Out of Stock,450.0,EGP,Sale price450 EGP,https://shamystores.com/collections/all,heuristic
2026-09-28T12:12:26.892154+00:00,shamystores.com,Save 100 Sale price Regular price Anker PowerLine Select+ Lightning Cable Black (6ft) Anker Sold out Sold out Quick view,,https://shamystores.com/products/anker-powerline-select-lightning-cable-black-6ft,Out of Stock,290.0,EGP,Sale price290 EGP,https://shamystores.com/collections/all,heuristic
2026-09-28T12:13:12.717116+00:00,shamystores.com,Buy Controller Performance Thumb Grips in Egypt | Shamy Stores,,https://shamystores.com/products/controller-performance-thumb-grips-41014003056437,Available,175.0,EGP,Sale price175 EGP,https://shamystores.com/collections/accessories,heuristic
2026-09-28T12:13:12.744298+00:00,shamystores.com,Buy Onikuma K1b Gaming Headset in Egypt | Shamy Stores,,https://shamystores.com/products/onikuma-k1b-gaming-headset-41014003057239,Available,690.0,EGP,Sale price690 EGP,https://shamystores.com/collections/accessories,heuristic
2026-09-28T12:14:43.866814+00:00,shamystores.com,Buy Final Fantasy Vii Rebirth in Egypt | Shamy Stores,,https://shamystores.com/products/final-fantasy-vii-rebirth-used,Out of Stock,1900.0,EGP,"Sale price1,900 EGP",https://shamystores.com/collections/ps5-used-games?page=2,heuristic
2026-09-28T12:15:29.797359+00:00,shamystores.com,Delivery Only Sale price From Final Fantasy VII Remake Intergrade Used Square Enix Sold out Sold out Quick view,,https://shamystores.com/products/final-fantasy-vii-remake-intergrade-used-40015002045221,Out of Stock,600.0,EGP,Sale priceFrom 600 EGP,https://shamystores.com/collections/ps5-used-games?page=3,heuristic
2026-09-28T12:18:34.254893+00:00,shamystores.com,YESIDO C226 Phone Cooler with Temperature Display – New,,https://shamystores.com/products/yesido-c226-phone-cooler,Available,790.0,EGP,Sale price790 EGP,https://shamystores.com/collections/all?page=52,heuristic
2026-09-28T12:18:34.258877+00:00,shamystores.com,YESIDO EK01 Gaming Headset – New,,https://shamystores.com/products/yesido-ek01-gaming-headset,Out of Stock,1190.0,EGP,"Sale price1,190 EGP",https://shamystores.com/collections/all?page=52,heuristic
2026-09-28T12:19:20.067898+00:00,shamystores.com,Spider-Man 2 Controller Carry Case – New (Universal Controllers),,https://shamystores.com/products/spiderman-controller-case,Available,490.0,EGP,Sale price490 EGP,https://shamystores.com/collections/accessories?page=2,heuristic
2026-09-28T12:19:20.098367+00:00,shamystores.com,Buy Onikuma K8 Headset in Egypt | Shamy Stores,,https://shamystores.com/products/onikuma-k8-headset,Available,790.0,EGP,Sale price790 EGP,https://shamystores.com/collections/accessories?page=2,heuristic
2026-09-28T12:19:20.102539+00:00,shamystores.com,Buy Dobe Protective Shell for Switch Pro Controller in Egypt | Shamy Stores,,https://shamystores.com/products/dobe-protective-shell-for-switch-pro-controller-41021003056365,Available,190.0,EGP,Sale price190 EGP,https://shamystores.com/collections/accessories?page=2,heuristic
2026-09-28T12:19:20.112764+00:00,shamystores.com,YESIDO C226 Phone Cooler with Temperature Display – New,,https://shamystores.com/products/yesido-c226-phone-cooler,Available,790.0,EGP,Sale price790 EGP,https://shamystores.com/collections/accessories?page=2,heuristic
2026-09-28T12:19:20.132857+00:00,shamystores.com,Buy Dobe Stereo Headphone Small Ty-1802 in Egypt | Shamy Stores,,https://shamystores.com/products/dobe-stereo-headphone-small-ty180,Available,590.0,EGP,Sale price590 EGP,https://shamystores.com/collections/accessories?page=2,heuristic
2026-09-28T12:20:05.912441+00:00,shamystores.com,ONIKUMA CW905 Gaming Mouse – New,,https://shamystores.com/products/onikuma-cw905-gaming-mouse,Available,790.0,EGP,Sale price790 EGP,https://shamystores.com/collections/accessories?page=3,heuristic
2026-09-28T12:20:05.916464+00:00,shamystores.com,ONIKUMA CW902 Gaming Mouse – New,,https://shamystores.com/products/onikuma-cw902-gaming-mouse,Available,590.0,EGP,Sale price590 EGP,https://shamystores.com/collections/accessories?page=3,heuristic
2026-09-28T12:20:05.925434+00:00,shamystores.com,Charging CabM DOBE for Switch (TNS-5166),,https://shamystores.com/products/dobe-charging-cable-1-5m-for-switch-tns-5166,Available,290.0,EGP,Sale price290 EGP,https://shamystores.com/collections/accessories?page=3,heuristic
2026-09-28T12:20:05.929472+00:00,shamystores.com,Buy Dobe Silicon Protective Case for Switch 2 in Egypt | Shamy Stores,,https://shamystores.com/products/dobe-silicon-protective-case-for-switch-2-tns-3158,Available,490.0,EGP,Sale price490 EGP,https://shamystores.com/collections/accessories?page=3,heuristic
2026-09-28T12:20:05.937489+00:00,shamystores.com,Buy Crystal Case Dobe for Joy-con Switch Oled in Egypt | Shamy Stores,,https://shamystores.com/products/crystal-case-dobe-joy-con-switch-oled,Available,390.0,EGP,Sale price390 EGP,https://shamystores.com/collections/accessories?page=3,heuristic
2026-09-28T12:20:05.949589+00:00,shamystores.com,Buy Multifunctional Storage Stand Dobe All Switch in Egypt | Shamy Stores,,https://shamystores.com/products/multifunctional-storage-stand-dobe-all-switch-tns-19051b,Available,790.0,EGP,Sale price790 EGP,https://shamystores.com/collections/accessories?page=3,heuristic
2026-09-28T12:20:05.961639+00:00,shamystores.com,Buy Dobe Wall Mount Bundle for All Switch in Egypt | Shamy Stores,,https://shamystores.com/products/dobe-wall-mount-bundle-switch-tns-3113,Available,1190.0,EGP,"Sale price1,190 EGP",https://shamystores.com/collections/accessories?page=3,heuristic
2026-09-28T12:20:05.969662+00:00,shamystores.com,Buy Crystal Case Dobe for Switch 2 in Egypt | Shamy Stores,,https://shamystores.com/products/crystal-case-dobe-switch-2,Available,450.0,EGP,Sale price450 EGP,https://shamystores.com/collections/accessories?page=3,heuristic
2026-09-28T12:20:06.014530+00:00,shamystores.com,Buy Baseus Cloud Gel Protective Case for Airpods Pro in Egypt | Shamy Stores,,https://shamystores.com/products/baseus-cloud-gel-protective-case-for-airpods-pro,Available,240.0,EGP,Sale price240 EGP,https://shamystores.com/collections/accessories?page=3,heuristic
2026-09-28T12:20:52.058129+00:00,shamystores.com,Buy Spider-man Controller Holder – (gaming Accessory Stand) in Egypt | Shamy Stores,,https://shamystores.com/products/spiderman-controller-holder,Out of Stock,1990.0,EGP,"Sale price1,990 EGP",https://shamystores.com/collections/accessories?page=6,heuristic
2026-09-28T12:20:52.103159+00:00,shamystores.com,Buy Redragon M607 Griffin Wireless Gaming Mouse in Egypt | Shamy Stores,,https://shamystores.com/products/redragon-m607-griffin-wireless-gaming-mouse,Out of Stock,1890.0,EGP,"Sale price1,890 EGP",https://shamystores.com/collections/accessories?page=6,heuristic
2026-09-28T12:20:52.107169+00:00,shamystores.com,Buy Redragon Nemeanlion 2 M602-1 Wireless Gaming Mouse in Egypt | Shamy Stores,,https://shamystores.com/products/redragon-nemeanlion-2-m602-1-wireless-gaming-mouse,Out of Stock,990.0,EGP,Sale price990 EGP,https://shamystores.com/collections/accessories?page=6,heuristic
2026-09-28T12:20:52.119097+00:00,shamystores.com,Buy Hp S1000 Plus Wireless Mouse in Egypt | Shamy Stores,,https://shamystores.com/products/hp-s1000-plus-wireless-mouse,Out of Stock,250.0,EGP,Sale price250 EGP,https://shamystores.com/collections/accessories?page=6,heuristic
2026-09-28T12:20:52.121266+00:00,shamystores.com,Save 100 Sale price Regular price Redragon K506 Centaur 7-Color Gaming Keyboard Redragon Sold out Sold out Quick view,,https://shamystores.com/products/redragon-k506-centaur-7-color-gaming-keyboard,Out of Stock,690.0,EGP,Sale price690 EGP,https://shamystores.com/collections/accessories?page=6,heuristic
2026-09-28T12:20:52.151530+00:00,shamystores.com,Buy Redragon Kumara K552 Keyboard in Egypt | Shamy Stores,,https://shamystores.com/products/redragon-kumara-k552-keyboard-41010003057578,Out of Stock,1790.0,EGP,"Sale price1,790 EGP",https://shamystores.com/collections/accessories?page=6,heuristic
2026-09-28T12:20:52.153586+00:00,shamystores.com,Special Bundle Sale price Redragon M601-BA Gaming Mouse and Mouse Pad Kit Redragon Sold out Sold out Quick view,,https://shamystores.com/products/redragon-m601-ba-gaming-mouse-and-pad-kit-41010003058001,Out of Stock,450.0,EGP,Sale price450 EGP,https://shamystores.com/collections/accessories?page=6,heuristic
2026-09-28T12:20:52.157560+00:00,shamystores.com,Buy Redragon M705 Pegasus Gaming Mouse Pegasus in Egypt | Shamy Stores,,https://shamystores.com/products/redragon-m705-pegasus-gaming-mouse-41010003057606,Out of Stock,890.0,EGP,Sale price890 EGP,https://shamystores.com/collections/accessories?page=6,heuristic
2026-09-28T12:21:37.752110+00:00,shamystores.com,Buy Final Fantasy Xvi Used in Egypt | Shamy Stores,,https://shamystores.com/products/outlet-final-fantasy-xvi-used,Available,1750.0,EGP,"Sale priceFrom 1,750 EGP",https://shamystores.com/collections/ps5-used-games?page=1,heuristic
2026-09-28T12:22:23.544548+00:00,shamystores.com,Buy Ac Adapter Dobe for Switch in Egypt | Shamy Stores,,https://shamystores.com/products/ac-adapter-dobe-for-switch-tns-5159,Out of Stock,450.0,EGP,Sale price450 EGP,https://shamystores.com/collections/all?page=1,heuristic
2026-09-28T12:22:23.612908+00:00,shamystores.com,Save 100 Sale price Regular price Anker PowerLine Select+ Lightning Cable Black (6ft) Anker Sold out Sold out Quick view,,https://shamystores.com/products/anker-powerline-select-lightning-cable-black-6ft,Out of Stock,290.0,EGP,Sale price290 EGP,https://shamystores.com/collections/all?page=1,heuristic
2026-09-28T12:23:09.483142+00:00,shamystores.com,Buy Baseus Cloud Gel Protective Case for Airpods Pro in Egypt | Shamy Stores,,https://shamystores.com/products/baseus-cloud-gel-protective-case-for-airpods-pro,Available,240.0,EGP,Sale price240 EGP,https://shamystores.com/collections/all?page=4,heuristic
2026-09-28T12:26:12.852115+00:00,shamystores.com,Buy Controller Performance Thumb Grips in Egypt | Shamy Stores,,https://shamystores.com/products/controller-performance-thumb-grips-41014003056437,Available,175.0,EGP,Sale price175 EGP,https://shamystores.com/collections/accessories?page=1,heuristic
2026-09-28T12:26:12.878872+00:00,shamystores.com,Buy Onikuma K1b Gaming Headset in Egypt | Shamy Stores,,https://shamystores.com/products/onikuma-k1b-gaming-headset-41014003057239,Available,690.0,EGP,Sale price690 EGP,https://shamystores.com/collections/accessories?page=1,heuristic
2026-09-28T12:26:58.688100+00:00,shamystores.com,Buy Controller Charging Stand in Egypt | Shamy Stores,,https://shamystores.com/products/controller-charging-stand-041014003055982,Out of Stock,120.0,EGP,Sale price120 EGP,https://shamystores.com/collections/accessories?page=4,heuristic
2026-09-28T12:26:58.726435+00:00,shamystores.com,Buy Redragon K565 Rudra Rainbow Mechanical Gaming Keyboard in Egypt | Shamy Stores,,https://shamystores.com/products/redragon-k565-rudra-rainbow-mechanical-gaming-keyboard-41010003057737,Out of Stock,590.0,EGP,Sale price590 EGP,https://shamystores.com/collections/accessories?page=4,heuristic
2026-09-28T12:26:58.738306+00:00,shamystores.com,Buy Redragon K552 Kumara Led Backlit Mechanical Gaming Keyboard in Egypt | Shamy Stores,,https://shamystores.com/products/redragon-k552-kumara-led-backlit-mechanical-gaming-keyboard,Out of Stock,1890.0,EGP,"Sale price1,890 EGP",https://shamystores.com/collections/accessories?page=4,heuristic
2026-09-28T12:26:58.746588+00:00,shamystores.com,Save 100 Sale price Regular price Anker PowerLine Select+ Lightning Cable Black (6ft) Anker Sold out Sold out Quick view,,https://shamystores.com/products/anker-powerline-select-lightning-cable-black-6ft,Out of Stock,290.0,EGP,Sale price290 EGP,https://shamystores.com/collections/accessories?page=4,heuristic
2026-09-28T12:26:58.750618+00:00,shamystores.com,JSAUX Battle Armor Protective Case – New (Switch 2),,https://shamystores.com/products/jsaux-battle-armor-case-switch-2,Out of Stock,890.0,EGP,Sale price890 EGP,https://shamystores.com/collections/accessories?page=4,heuristic
2026-09-28T12:26:58.795500+00:00,shamystores.com,Buy Redragon Phaser M609 Gaming Mouse in Egypt | Shamy Stores,,https://shamystores.com/products/redragon-phaser-m609-gaming-mouse-41010003057988,Out of Stock,690.0,EGP,Sale price690 EGP,https://shamystores.com/collections/accessories?page=4,heuristic
2026-09-28T12:26:58.799539+00:00,shamystores.com,YESIDO EK01 Gaming Headset – New,,https://shamystores.com/products/yesido-ek01-gaming-headset,Out of Stock,1190.0,EGP,"Sale price1,190 EGP",https://shamystores.com/collections/accessories?page=4,heuristic
2026-09-28T12:27:44.525449+00:00,shamystores.com,Buy Ac Adapter Dobe for Switch in Egypt | Shamy Stores,,https://shamystores.com/products/ac-adapter-dobe-for-switch-tns-5159,Out of Stock,450.0,EGP,Sale price450 EGP,https://shamystores.com/collections/accessories?page=5,heuristic
2026-09-28T12:27:44.543432+00:00,shamystores.com,Buy Dobe Storage Case for Switch 2 in Egypt | Shamy Stores,,https://shamystores.com/products/obe-storage-case-switch-2,Out of Stock,1690.0,EGP,"Sale price1,690 EGP",https://shamystores.com/collections/accessories?page=5,heuristic
2026-09-28T12:27:44.607704+00:00,shamystores.com,Buy Crash Aku Aku Controller Holder in Egypt | Shamy Stores,,https://shamystores.com/products/crash-aku-aku-controller-holder,Out of Stock,1790.0,EGP,"Sale price1,790 EGP",https://shamystores.com/collections/accessories?page=5,heuristic
2026-09-28T12:27:44.611652+00:00,shamystores.com,Buy Pac-man Controller Holder in Egypt | Shamy Stores,,https://shamystores.com/products/pac-man-controller-holder,Out of Stock,1790.0,EGP,"Sale price1,790 EGP",https://shamystores.com/collections/accessories?page=5,heuristic
2026-09-28T12:27:44.615620+00:00,shamystores.com,Buy one Piece Controller Holder in Egypt | Shamy Stores,,https://shamystores.com/products/one-piece-controller-holder,Out of Stock,1790.0,EGP,"Sale price1,790 EGP",https://shamystores.com/collections/accessories?page=5,heuristic
2026-09-28T12:27:44.627843+00:00,shamystores.com,Buy Usb-c/usb-a Dual Output Charger – (fast Charging Adapter) in Egypt | Shamy Stores,,https://shamystores.com/products/usb-c-usb-a-dual-output-charger,Out of Stock,890.0,EGP,Sale price890 EGP,https://shamystores.com/collections/accessories?page=5,heuristic
2026-09-28T12:27:44.631801+00:00,shamystores.com,Buy Crash Bandicoot Controller Holder – (gaming Accessory Stand) in Egypt | Shamy Stores,,https://shamystores.com/products/crash-controller-holder,Out of Stock,1790.0,EGP,"Sale price1,790 EGP",https://shamystores.com/collections/accessories?page=5,heuristic
